{"cameraMode":{"drawMode":0,"name":"Shaded","section":"Shading Mode"},"sceneLighting":true,"audioPlay":false,"sceneViewState":{"showFog":true,"showMaterialUpdate":false,"showSkybox":true,"showFlares":true,"showImageEffects":true,"showParticleSystems":true},"in2DMode":false,"pivot":{"x":4.273741722106934,"y":-0.5132455825805664,"z":-2.575824737548828},"rotation":{"x":-0.049550361931324008,"y":0.949340283870697,"z":-0.2417083978652954,"w":-0.19461531937122346},"size":22.892234802246095,"orthographic":false}